{
  "name": "IMX291 ethernet camera",
  "aspect_ratio": 1.7777777777777,
  "rotation": [0, -0.2, 0.1],
  "hfov": 112.0,
  "vfov": 69.0,
  "ground_plane_keypoints":
[[3,0,0.5341145833,0.8226851852],
[6,0,0.53515625,0.7273148148],
[9,0,0.5338541667,0.6837962963],
[12,0,0.5328125,0.6615740741],
[15,0,0.534375,0.6476851852],
[18,0,0.5346354167,0.6365740741],
[24,0,0.5356770833,0.6240740741],
[28,0,0.5361979167,0.6185185185],
[32,0,0.5348958333,0.6125],
[42,0,0.5348958333,0.6100],
[50,0,0.5348958333,0.6075],
[100,0,0.5348958333,0.6050],
[2,-2,0.79609375, 0.8648148148],
[2,2,0.253125,0.8425925926],
[4,-4,0.8635416667,0.7685185185],
[4,-2,0.7104166667,0.7777777778],
[4,2,0.3604166667,0.7685185185],
[4,4,0.2197916667,0.75],
[8,-4,0.7359375,0.6986111111],
[8,-2,0.63984375,0.6967592593],
[8,2,0.4268229167,0.6916666667],
[8,4,0.3265625,0.6851851852],
[12,-4,0.6796875,0.6611111111],
[12,-2,0.6078125,0.6597222222],
[12,2,0.45859375,0.6555555556],
[12,4,0.3875,0.6527777778],
[16,-4,0.6783854167,0.6634259259],
[16,-2,0.6065104167,0.662962963],
[16,2,0.4763020833,0.6416666667],
[16,4,0.4182291667,0.6388888889],
[28,-14,0.7411458333,0.6175925926],
[28,0,0.5361979167,0.6185185185],
[28,14,0.33125,0.6175925926]]
}
